config,metric,pair,repetition,runid,started_iso,measurement,value,unit
s2,bulk-up,GG,1,s2-control-s2-bulk-up-gg-r1-20260924T224939Z,2026-09-24T22:50:08Z,goodput_mbit_s,143.454434428,Mbit/s
s2,bulk-up,GG,1,s2-control-s2-bulk-up-gg-r1-20260924T224939Z,2026-09-24T22:50:08Z,tcp_retransmits,10,segments
s2,bulk-up,GG,1,s2-control-s2-bulk-up-gg-r1-20260924T224939Z,2026-09-24T22:50:08Z,cpu_s_per_gb_cli,30.5454226306,s/GB
s2,bulk-up,GG,1,s2-control-s2-bulk-up-gg-r1-20260924T224939Z,2026-09-24T22:50:08Z,cpu_s_per_gb_srv,25.5055671191,s/GB
s2,bulk-up,GG,1,s2-control-s2-bulk-up-gg-r1-20260924T224939Z,2026-09-24T22:50:08Z,cpu_s_per_gb_total,56.0509897497,s/GB
s2,bulk-up,GG,1,s2-control-s2-bulk-up-gg-r1-20260924T224939Z,2026-09-24T22:50:08Z,rss_kb_cli,27904,kB
s2,bulk-up,GG,1,s2-control-s2-bulk-up-gg-r1-20260924T224939Z,2026-09-24T22:50:08Z,rss_kb_srv,28328,kB
s2,bulk-up,GG,1,s2-control-s2-bulk-up-gg-r1-20260924T224939Z,2026-09-24T22:50:08Z,hwm_kb_cli,27904,kB
s2,bulk-up,GG,1,s2-control-s2-bulk-up-gg-r1-20260924T224939Z,2026-09-24T22:50:08Z,hwm_kb_srv,28328,kB
s2,bulk-up,GG,1,s2-control-s2-bulk-up-gg-r1-20260924T224939Z,2026-09-24T22:50:08Z,out_segs_cli,372451,segments
s2,bulk-up,GG,1,s2-control-s2-bulk-up-gg-r1-20260924T224939Z,2026-09-24T22:50:08Z,out_segs_srv,8281,segments
s2,bulk-up,GG,1,s2-control-s2-bulk-up-gg-r1-20260924T224939Z,2026-09-24T22:50:08Z,retrans_pct_cli,0,% of OutSegs
s2,bulk-up,GG,1,s2-control-s2-bulk-up-gg-r1-20260924T224939Z,2026-09-24T22:50:08Z,retrans_pct_srv,0,% of OutSegs
s2,bulk-up,GG,1,s2-control-s2-bulk-up-gg-r1-20260924T224939Z,2026-09-24T22:50:08Z,retrans_segs_cli,0,segments
s2,bulk-up,GG,1,s2-control-s2-bulk-up-gg-r1-20260924T224939Z,2026-09-24T22:50:08Z,retrans_segs_srv,0,segments
s2,bulk-up,GG,1,s2-control-s2-bulk-up-gg-r1-20260924T224939Z,2026-09-24T22:50:08Z,fast_retrans_segs_cli,0,segments
s2,bulk-up,GG,1,s2-control-s2-bulk-up-gg-r1-20260924T224939Z,2026-09-24T22:50:08Z,fast_retrans_segs_srv,0,segments
s2,bulk-up,GG,1,s2-control-s2-bulk-up-gg-r1-20260924T224939Z,2026-09-24T22:50:08Z,early_retrans_segs_cli,0,segments
s2,bulk-up,GG,1,s2-control-s2-bulk-up-gg-r1-20260924T224939Z,2026-09-24T22:50:08Z,early_retrans_segs_srv,0,segments
s2,bulk-up,GG,1,s2-control-s2-bulk-up-gg-r1-20260924T224939Z,2026-09-24T22:50:08Z,lost_segs_cli,0,segments
s2,bulk-up,GG,1,s2-control-s2-bulk-up-gg-r1-20260924T224939Z,2026-09-24T22:50:08Z,lost_segs_srv,0,segments
s2,bulk-up,GG,1,s2-control-s2-bulk-up-gg-r1-20260924T224939Z,2026-09-24T22:50:08Z,repeat_segs_cli,0,segments
s2,bulk-up,GG,1,s2-control-s2-bulk-up-gg-r1-20260924T224939Z,2026-09-24T22:50:08Z,repeat_segs_srv,0,segments
s2,bulk-up,RR,1,s2-control-s2-bulk-up-rr-r1-20260924T224939Z,2026-09-24T22:50:47Z,goodput_mbit_s,227.803055537,Mbit/s
s2,bulk-up,RR,1,s2-control-s2-bulk-up-rr-r1-20260924T224939Z,2026-09-24T22:50:47Z,tcp_retransmits,1,segments
s2,bulk-up,RR,1,s2-control-s2-bulk-up-rr-r1-20260924T224939Z,2026-09-24T22:50:47Z,cpu_s_per_gb_cli,17.0106592189,s/GB
s2,bulk-up,RR,1,s2-control-s2-bulk-up-rr-r1-20260924T224939Z,2026-09-24T22:50:47Z,cpu_s_per_gb_srv,16.9405844127,s/GB
s2,bulk-up,RR,1,s2-control-s2-bulk-up-rr-r1-20260924T224939Z,2026-09-24T22:50:47Z,cpu_s_per_gb_total,33.9512436316,s/GB
s2,bulk-up,RR,1,s2-control-s2-bulk-up-rr-r1-20260924T224939Z,2026-09-24T22:50:47Z,rss_kb_cli,5620,kB
s2,bulk-up,RR,1,s2-control-s2-bulk-up-rr-r1-20260924T224939Z,2026-09-24T22:50:47Z,rss_kb_srv,7368,kB
s2,bulk-up,RR,1,s2-control-s2-bulk-up-rr-r1-20260924T224939Z,2026-09-24T22:50:47Z,hwm_kb_cli,5628,kB
s2,bulk-up,RR,1,s2-control-s2-bulk-up-rr-r1-20260924T224939Z,2026-09-24T22:50:47Z,hwm_kb_srv,7368,kB
s2,bulk-up,RR,1,s2-control-s2-bulk-up-rr-r1-20260924T224939Z,2026-09-24T22:50:47Z,out_segs_cli,537324,segments
s2,bulk-up,RR,1,s2-control-s2-bulk-up-rr-r1-20260924T224939Z,2026-09-24T22:50:47Z,out_segs_srv,11011,segments
s2,bulk-up,RR,1,s2-control-s2-bulk-up-rr-r1-20260924T224939Z,2026-09-24T22:50:47Z,retrans_pct_cli,0,% of OutSegs
s2,bulk-up,RR,1,s2-control-s2-bulk-up-rr-r1-20260924T224939Z,2026-09-24T22:50:47Z,retrans_pct_srv,0,% of OutSegs
s2,bulk-up,RR,1,s2-control-s2-bulk-up-rr-r1-20260924T224939Z,2026-09-24T22:50:47Z,retrans_segs_cli,0,segments
s2,bulk-up,RR,1,s2-control-s2-bulk-up-rr-r1-20260924T224939Z,2026-09-24T22:50:47Z,retrans_segs_srv,0,segments
s2,bulk-up,RR,1,s2-control-s2-bulk-up-rr-r1-20260924T224939Z,2026-09-24T22:50:47Z,fast_retrans_segs_cli,0,segments
s2,bulk-up,RR,1,s2-control-s2-bulk-up-rr-r1-20260924T224939Z,2026-09-24T22:50:47Z,fast_retrans_segs_srv,0,segments
s2,bulk-up,RR,1,s2-control-s2-bulk-up-rr-r1-20260924T224939Z,2026-09-24T22:50:47Z,early_retrans_segs_cli,0,segments
s2,bulk-up,RR,1,s2-control-s2-bulk-up-rr-r1-20260924T224939Z,2026-09-24T22:50:47Z,early_retrans_segs_srv,0,segments
s2,bulk-up,RR,1,s2-control-s2-bulk-up-rr-r1-20260924T224939Z,2026-09-24T22:50:47Z,lost_segs_cli,0,segments
s2,bulk-up,RR,1,s2-control-s2-bulk-up-rr-r1-20260924T224939Z,2026-09-24T22:50:47Z,lost_segs_srv,0,segments
s2,bulk-up,RR,1,s2-control-s2-bulk-up-rr-r1-20260924T224939Z,2026-09-24T22:50:47Z,repeat_segs_cli,0,segments
s2,bulk-up,RR,1,s2-control-s2-bulk-up-rr-r1-20260924T224939Z,2026-09-24T22:50:47Z,repeat_segs_srv,0,segments
s2,bulk-up,GR,1,s2-control-s2-bulk-up-gr-r1-20260924T224939Z,2026-09-24T22:51:25Z,goodput_mbit_s,171.584252729,Mbit/s
s2,bulk-up,GR,1,s2-control-s2-bulk-up-gr-r1-20260924T224939Z,2026-09-24T22:51:25Z,tcp_retransmits,4,segments
s2,bulk-up,GR,1,s2-control-s2-bulk-up-gr-r1-20260924T224939Z,2026-09-24T22:51:25Z,cpu_s_per_gb_cli,30.1594779245,s/GB
s2,bulk-up,GR,1,s2-control-s2-bulk-up-gr-r1-20260924T224939Z,2026-09-24T22:51:25Z,cpu_s_per_gb_srv,15.416911229,s/GB
s2,bulk-up,GR,1,s2-control-s2-bulk-up-gr-r1-20260924T224939Z,2026-09-24T22:51:25Z,cpu_s_per_gb_total,45.5763891535,s/GB
s2,bulk-up,GR,1,s2-control-s2-bulk-up-gr-r1-20260924T224939Z,2026-09-24T22:51:25Z,rss_kb_cli,29432,kB
s2,bulk-up,GR,1,s2-control-s2-bulk-up-gr-r1-20260924T224939Z,2026-09-24T22:51:25Z,rss_kb_srv,6892,kB
s2,bulk-up,GR,1,s2-control-s2-bulk-up-gr-r1-20260924T224939Z,2026-09-24T22:51:25Z,hwm_kb_cli,29432,kB
s2,bulk-up,GR,1,s2-control-s2-bulk-up-gr-r1-20260924T224939Z,2026-09-24T22:51:25Z,hwm_kb_srv,6892,kB
s2,bulk-up,GR,1,s2-control-s2-bulk-up-gr-r1-20260924T224939Z,2026-09-24T22:51:25Z,out_segs_cli,451036,segments
s2,bulk-up,GR,1,s2-control-s2-bulk-up-gr-r1-20260924T224939Z,2026-09-24T22:51:25Z,out_segs_srv,9142,segments
s2,bulk-up,GR,1,s2-control-s2-bulk-up-gr-r1-20260924T224939Z,2026-09-24T22:51:25Z,retrans_pct_cli,0,% of OutSegs
s2,bulk-up,GR,1,s2-control-s2-bulk-up-gr-r1-20260924T224939Z,2026-09-24T22:51:25Z,retrans_pct_srv,0,% of OutSegs
s2,bulk-up,GR,1,s2-control-s2-bulk-up-gr-r1-20260924T224939Z,2026-09-24T22:51:25Z,retrans_segs_cli,0,segments
s2,bulk-up,GR,1,s2-control-s2-bulk-up-gr-r1-20260924T224939Z,2026-09-24T22:51:25Z,retrans_segs_srv,0,segments
s2,bulk-up,GR,1,s2-control-s2-bulk-up-gr-r1-20260924T224939Z,2026-09-24T22:51:25Z,fast_retrans_segs_cli,0,segments
s2,bulk-up,GR,1,s2-control-s2-bulk-up-gr-r1-20260924T224939Z,2026-09-24T22:51:25Z,fast_retrans_segs_srv,0,segments
s2,bulk-up,GR,1,s2-control-s2-bulk-up-gr-r1-20260924T224939Z,2026-09-24T22:51:25Z,early_retrans_segs_cli,0,segments
s2,bulk-up,GR,1,s2-control-s2-bulk-up-gr-r1-20260924T224939Z,2026-09-24T22:51:25Z,early_retrans_segs_srv,0,segments
s2,bulk-up,GR,1,s2-control-s2-bulk-up-gr-r1-20260924T224939Z,2026-09-24T22:51:25Z,lost_segs_cli,0,segments
s2,bulk-up,GR,1,s2-control-s2-bulk-up-gr-r1-20260924T224939Z,2026-09-24T22:51:25Z,lost_segs_srv,0,segments
s2,bulk-up,GR,1,s2-control-s2-bulk-up-gr-r1-20260924T224939Z,2026-09-24T22:51:25Z,repeat_segs_cli,0,segments
s2,bulk-up,GR,1,s2-control-s2-bulk-up-gr-r1-20260924T224939Z,2026-09-24T22:51:25Z,repeat_segs_srv,0,segments
s2,bulk-up,RG,1,s2-control-s2-bulk-up-rg-r1-20260924T224939Z,2026-09-24T22:52:04Z,goodput_mbit_s,245.198248106,Mbit/s
s2,bulk-up,RG,1,s2-control-s2-bulk-up-rg-r1-20260924T224939Z,2026-09-24T22:52:04Z,tcp_retransmits,15,segments
s2,bulk-up,RG,1,s2-control-s2-bulk-up-rg-r1-20260924T224939Z,2026-09-24T22:52:04Z,cpu_s_per_gb_cli,13.9500557143,s/GB
s2,bulk-up,RG,1,s2-control-s2-bulk-up-rg-r1-20260924T224939Z,2026-09-24T22:52:04Z,cpu_s_per_gb_srv,17.7265002017,s/GB
s2,bulk-up,RG,1,s2-control-s2-bulk-up-rg-r1-20260924T224939Z,2026-09-24T22:52:04Z,cpu_s_per_gb_total,31.676555916,s/GB
s2,bulk-up,RG,1,s2-control-s2-bulk-up-rg-r1-20260924T224939Z,2026-09-24T22:52:04Z,rss_kb_cli,5756,kB
s2,bulk-up,RG,1,s2-control-s2-bulk-up-rg-r1-20260924T224939Z,2026-09-24T22:52:04Z,rss_kb_srv,27808,kB
s2,bulk-up,RG,1,s2-control-s2-bulk-up-rg-r1-20260924T224939Z,2026-09-24T22:52:04Z,hwm_kb_cli,5764,kB
s2,bulk-up,RG,1,s2-control-s2-bulk-up-rg-r1-20260924T224939Z,2026-09-24T22:52:04Z,hwm_kb_srv,27808,kB
s2,bulk-up,RG,1,s2-control-s2-bulk-up-rg-r1-20260924T224939Z,2026-09-24T22:52:04Z,out_segs_cli,572916,segments
s2,bulk-up,RG,1,s2-control-s2-bulk-up-rg-r1-20260924T224939Z,2026-09-24T22:52:04Z,out_segs_srv,12478,segments
s2,bulk-up,RG,1,s2-control-s2-bulk-up-rg-r1-20260924T224939Z,2026-09-24T22:52:04Z,retrans_pct_cli,0,% of OutSegs
s2,bulk-up,RG,1,s2-control-s2-bulk-up-rg-r1-20260924T224939Z,2026-09-24T22:52:04Z,retrans_pct_srv,0,% of OutSegs
s2,bulk-up,RG,1,s2-control-s2-bulk-up-rg-r1-20260924T224939Z,2026-09-24T22:52:04Z,retrans_segs_cli,0,segments
s2,bulk-up,RG,1,s2-control-s2-bulk-up-rg-r1-20260924T224939Z,2026-09-24T22:52:04Z,retrans_segs_srv,0,segments
s2,bulk-up,RG,1,s2-control-s2-bulk-up-rg-r1-20260924T224939Z,2026-09-24T22:52:04Z,fast_retrans_segs_cli,0,segments
s2,bulk-up,RG,1,s2-control-s2-bulk-up-rg-r1-20260924T224939Z,2026-09-24T22:52:04Z,fast_retrans_segs_srv,0,segments
s2,bulk-up,RG,1,s2-control-s2-bulk-up-rg-r1-20260924T224939Z,2026-09-24T22:52:04Z,early_retrans_segs_cli,0,segments
s2,bulk-up,RG,1,s2-control-s2-bulk-up-rg-r1-20260924T224939Z,2026-09-24T22:52:04Z,early_retrans_segs_srv,0,segments
s2,bulk-up,RG,1,s2-control-s2-bulk-up-rg-r1-20260924T224939Z,2026-09-24T22:52:04Z,lost_segs_cli,0,segments
s2,bulk-up,RG,1,s2-control-s2-bulk-up-rg-r1-20260924T224939Z,2026-09-24T22:52:04Z,lost_segs_srv,0,segments
s2,bulk-up,RG,1,s2-control-s2-bulk-up-rg-r1-20260924T224939Z,2026-09-24T22:52:04Z,repeat_segs_cli,0,segments
s2,bulk-up,RG,1,s2-control-s2-bulk-up-rg-r1-20260924T224939Z,2026-09-24T22:52:04Z,repeat_segs_srv,0,segments
s2,bulk-up,GG,2,s2-control-s2-bulk-up-gg-r2-20260924T224939Z,2026-09-24T22:52:42Z,goodput_mbit_s,133.292147329,Mbit/s
s2,bulk-up,GG,2,s2-control-s2-bulk-up-gg-r2-20260924T224939Z,2026-09-24T22:52:42Z,tcp_retransmits,14,segments
s2,bulk-up,GG,2,s2-control-s2-bulk-up-gg-r2-20260924T224939Z,2026-09-24T22:52:42Z,cpu_s_per_gb_cli,32.6375197765,s/GB
s2,bulk-up,GG,2,s2-control-s2-bulk-up-gg-r2-20260924T224939Z,2026-09-24T22:52:42Z,cpu_s_per_gb_srv,27.1879522542,s/GB
s2,bulk-up,GG,2,s2-control-s2-bulk-up-gg-r2-20260924T224939Z,2026-09-24T22:52:42Z,cpu_s_per_gb_total,59.8254720308,s/GB
s2,bulk-up,GG,2,s2-control-s2-bulk-up-gg-r2-20260924T224939Z,2026-09-24T22:52:42Z,rss_kb_cli,29228,kB
s2,bulk-up,GG,2,s2-control-s2-bulk-up-gg-r2-20260924T224939Z,2026-09-24T22:52:42Z,rss_kb_srv,28964,kB
s2,bulk-up,GG,2,s2-control-s2-bulk-up-gg-r2-20260924T224939Z,2026-09-24T22:52:42Z,hwm_kb_cli,29228,kB
s2,bulk-up,GG,2,s2-control-s2-bulk-up-gg-r2-20260924T224939Z,2026-09-24T22:52:42Z,hwm_kb_srv,28964,kB
s2,bulk-up,GG,2,s2-control-s2-bulk-up-gg-r2-20260924T224939Z,2026-09-24T22:52:42Z,out_segs_cli,346803,segments
s2,bulk-up,GG,2,s2-control-s2-bulk-up-gg-r2-20260924T224939Z,2026-09-24T22:52:42Z,out_segs_srv,7669,segments
s2,bulk-up,GG,2,s2-control-s2-bulk-up-gg-r2-20260924T224939Z,2026-09-24T22:52:42Z,retrans_pct_cli,0,% of OutSegs
s2,bulk-up,GG,2,s2-control-s2-bulk-up-gg-r2-20260924T224939Z,2026-09-24T22:52:42Z,retrans_pct_srv,0,% of OutSegs
s2,bulk-up,GG,2,s2-control-s2-bulk-up-gg-r2-20260924T224939Z,2026-09-24T22:52:42Z,retrans_segs_cli,0,segments
s2,bulk-up,GG,2,s2-control-s2-bulk-up-gg-r2-20260924T224939Z,2026-09-24T22:52:42Z,retrans_segs_srv,0,segments
s2,bulk-up,GG,2,s2-control-s2-bulk-up-gg-r2-20260924T224939Z,2026-09-24T22:52:42Z,fast_retrans_segs_cli,0,segments
s2,bulk-up,GG,2,s2-control-s2-bulk-up-gg-r2-20260924T224939Z,2026-09-24T22:52:42Z,fast_retrans_segs_srv,0,segments
s2,bulk-up,GG,2,s2-control-s2-bulk-up-gg-r2-20260924T224939Z,2026-09-24T22:52:42Z,early_retrans_segs_cli,0,segments
s2,bulk-up,GG,2,s2-control-s2-bulk-up-gg-r2-20260924T224939Z,2026-09-24T22:52:42Z,early_retrans_segs_srv,0,segments
s2,bulk-up,GG,2,s2-control-s2-bulk-up-gg-r2-20260924T224939Z,2026-09-24T22:52:42Z,lost_segs_cli,0,segments
s2,bulk-up,GG,2,s2-control-s2-bulk-up-gg-r2-20260924T224939Z,2026-09-24T22:52:42Z,lost_segs_srv,0,segments
s2,bulk-up,GG,2,s2-control-s2-bulk-up-gg-r2-20260924T224939Z,2026-09-24T22:52:42Z,repeat_segs_cli,0,segments
s2,bulk-up,GG,2,s2-control-s2-bulk-up-gg-r2-20260924T224939Z,2026-09-24T22:52:42Z,repeat_segs_srv,0,segments
s2,bulk-up,RR,2,s2-control-s2-bulk-up-rr-r2-20260924T224939Z,2026-09-24T22:53:21Z,goodput_mbit_s,250.203916527,Mbit/s
s2,bulk-up,RR,2,s2-control-s2-bulk-up-rr-r2-20260924T224939Z,2026-09-24T22:53:21Z,tcp_retransmits,4,segments
s2,bulk-up,RR,2,s2-control-s2-bulk-up-rr-r2-20260924T224939Z,2026-09-24T22:53:21Z,cpu_s_per_gb_cli,15.5841907945,s/GB
s2,bulk-up,RR,2,s2-control-s2-bulk-up-rr-r2-20260924T224939Z,2026-09-24T22:53:21Z,cpu_s_per_gb_srv,15.5841907945,s/GB
s2,bulk-up,RR,2,s2-control-s2-bulk-up-rr-r2-20260924T224939Z,2026-09-24T22:53:21Z,cpu_s_per_gb_total,31.1683815891,s/GB
s2,bulk-up,RR,2,s2-control-s2-bulk-up-rr-r2-20260924T224939Z,2026-09-24T22:53:21Z,rss_kb_cli,5660,kB
s2,bulk-up,RR,2,s2-control-s2-bulk-up-rr-r2-20260924T224939Z,2026-09-24T22:53:21Z,rss_kb_srv,7284,kB
s2,bulk-up,RR,2,s2-control-s2-bulk-up-rr-r2-20260924T224939Z,2026-09-24T22:53:21Z,hwm_kb_cli,5660,kB
s2,bulk-up,RR,2,s2-control-s2-bulk-up-rr-r2-20260924T224939Z,2026-09-24T22:53:21Z,hwm_kb_srv,7284,kB
s2,bulk-up,RR,2,s2-control-s2-bulk-up-rr-r2-20260924T224939Z,2026-09-24T22:53:21Z,out_segs_cli,583071,segments
s2,bulk-up,RR,2,s2-control-s2-bulk-up-rr-r2-20260924T224939Z,2026-09-24T22:53:21Z,out_segs_srv,12025,segments
s2,bulk-up,RR,2,s2-control-s2-bulk-up-rr-r2-20260924T224939Z,2026-09-24T22:53:21Z,retrans_pct_cli,0,% of OutSegs
s2,bulk-up,RR,2,s2-control-s2-bulk-up-rr-r2-20260924T224939Z,2026-09-24T22:53:21Z,retrans_pct_srv,0,% of OutSegs
s2,bulk-up,RR,2,s2-control-s2-bulk-up-rr-r2-20260924T224939Z,2026-09-24T22:53:21Z,retrans_segs_cli,0,segments
s2,bulk-up,RR,2,s2-control-s2-bulk-up-rr-r2-20260924T224939Z,2026-09-24T22:53:21Z,retrans_segs_srv,0,segments
s2,bulk-up,RR,2,s2-control-s2-bulk-up-rr-r2-20260924T224939Z,2026-09-24T22:53:21Z,fast_retrans_segs_cli,0,segments
s2,bulk-up,RR,2,s2-control-s2-bulk-up-rr-r2-20260924T224939Z,2026-09-24T22:53:21Z,fast_retrans_segs_srv,0,segments
s2,bulk-up,RR,2,s2-control-s2-bulk-up-rr-r2-20260924T224939Z,2026-09-24T22:53:21Z,early_retrans_segs_cli,0,segments
s2,bulk-up,RR,2,s2-control-s2-bulk-up-rr-r2-20260924T224939Z,2026-09-24T22:53:21Z,early_retrans_segs_srv,0,segments
s2,bulk-up,RR,2,s2-control-s2-bulk-up-rr-r2-20260924T224939Z,2026-09-24T22:53:21Z,lost_segs_cli,0,segments
s2,bulk-up,RR,2,s2-control-s2-bulk-up-rr-r2-20260924T224939Z,2026-09-24T22:53:21Z,lost_segs_srv,0,segments
s2,bulk-up,RR,2,s2-control-s2-bulk-up-rr-r2-20260924T224939Z,2026-09-24T22:53:21Z,repeat_segs_cli,0,segments
s2,bulk-up,RR,2,s2-control-s2-bulk-up-rr-r2-20260924T224939Z,2026-09-24T22:53:21Z,repeat_segs_srv,0,segments
s2,bulk-up,GR,2,s2-control-s2-bulk-up-gr-r2-20260924T224939Z,2026-09-24T22:53:59Z,goodput_mbit_s,160.056150508,Mbit/s
s2,bulk-up,GR,2,s2-control-s2-bulk-up-gr-r2-20260924T224939Z,2026-09-24T22:53:59Z,tcp_retransmits,5,segments
s2,bulk-up,GR,2,s2-control-s2-bulk-up-gr-r2-20260924T224939Z,2026-09-24T22:53:59Z,cpu_s_per_gb_cli,32.4267960966,s/GB
s2,bulk-up,GR,2,s2-control-s2-bulk-up-gr-r2-20260924T224939Z,2026-09-24T22:53:59Z,cpu_s_per_gb_srv,16.4252564394,s/GB
s2,bulk-up,GR,2,s2-control-s2-bulk-up-gr-r2-20260924T224939Z,2026-09-24T22:53:59Z,cpu_s_per_gb_total,48.8520525359,s/GB
s2,bulk-up,GR,2,s2-control-s2-bulk-up-gr-r2-20260924T224939Z,2026-09-24T22:53:59Z,rss_kb_cli,29264,kB
s2,bulk-up,GR,2,s2-control-s2-bulk-up-gr-r2-20260924T224939Z,2026-09-24T22:53:59Z,rss_kb_srv,6920,kB
s2,bulk-up,GR,2,s2-control-s2-bulk-up-gr-r2-20260924T224939Z,2026-09-24T22:53:59Z,hwm_kb_cli,29264,kB
s2,bulk-up,GR,2,s2-control-s2-bulk-up-gr-r2-20260924T224939Z,2026-09-24T22:53:59Z,hwm_kb_srv,6920,kB
s2,bulk-up,GR,2,s2-control-s2-bulk-up-gr-r2-20260924T224939Z,2026-09-24T22:53:59Z,out_segs_cli,430536,segments
s2,bulk-up,GR,2,s2-control-s2-bulk-up-gr-r2-20260924T224939Z,2026-09-24T22:53:59Z,out_segs_srv,8517,segments
s2,bulk-up,GR,2,s2-control-s2-bulk-up-gr-r2-20260924T224939Z,2026-09-24T22:53:59Z,retrans_pct_cli,0,% of OutSegs
s2,bulk-up,GR,2,s2-control-s2-bulk-up-gr-r2-20260924T224939Z,2026-09-24T22:53:59Z,retrans_pct_srv,0,% of OutSegs
s2,bulk-up,GR,2,s2-control-s2-bulk-up-gr-r2-20260924T224939Z,2026-09-24T22:53:59Z,retrans_segs_cli,0,segments
s2,bulk-up,GR,2,s2-control-s2-bulk-up-gr-r2-20260924T224939Z,2026-09-24T22:53:59Z,retrans_segs_srv,0,segments
s2,bulk-up,GR,2,s2-control-s2-bulk-up-gr-r2-20260924T224939Z,2026-09-24T22:53:59Z,fast_retrans_segs_cli,0,segments
s2,bulk-up,GR,2,s2-control-s2-bulk-up-gr-r2-20260924T224939Z,2026-09-24T22:53:59Z,fast_retrans_segs_srv,0,segments
s2,bulk-up,GR,2,s2-control-s2-bulk-up-gr-r2-20260924T224939Z,2026-09-24T22:53:59Z,early_retrans_segs_cli,0,segments
s2,bulk-up,GR,2,s2-control-s2-bulk-up-gr-r2-20260924T224939Z,2026-09-24T22:53:59Z,early_retrans_segs_srv,0,segments
s2,bulk-up,GR,2,s2-control-s2-bulk-up-gr-r2-20260924T224939Z,2026-09-24T22:53:59Z,lost_segs_cli,0,segments
s2,bulk-up,GR,2,s2-control-s2-bulk-up-gr-r2-20260924T224939Z,2026-09-24T22:53:59Z,lost_segs_srv,0,segments
s2,bulk-up,GR,2,s2-control-s2-bulk-up-gr-r2-20260924T224939Z,2026-09-24T22:53:59Z,repeat_segs_cli,0,segments
s2,bulk-up,GR,2,s2-control-s2-bulk-up-gr-r2-20260924T224939Z,2026-09-24T22:53:59Z,repeat_segs_srv,0,segments
s2,bulk-up,RG,2,s2-control-s2-bulk-up-rg-r2-20260924T224939Z,2026-09-24T22:54:38Z,goodput_mbit_s,258.591364958,Mbit/s
s2,bulk-up,RG,2,s2-control-s2-bulk-up-rg-r2-20260924T224939Z,2026-09-24T22:54:38Z,tcp_retransmits,13,segments
s2,bulk-up,RG,2,s2-control-s2-bulk-up-rg-r2-20260924T224939Z,2026-09-24T22:54:38Z,cpu_s_per_gb_cli,13.3410177596,s/GB
s2,bulk-up,RG,2,s2-control-s2-bulk-up-rg-r2-20260924T224939Z,2026-09-24T22:54:38Z,cpu_s_per_gb_srv,16.7689181561,s/GB
s2,bulk-up,RG,2,s2-control-s2-bulk-up-rg-r2-20260924T224939Z,2026-09-24T22:54:38Z,cpu_s_per_gb_total,30.1099359157,s/GB
s2,bulk-up,RG,2,s2-control-s2-bulk-up-rg-r2-20260924T224939Z,2026-09-24T22:54:38Z,rss_kb_cli,5776,kB
s2,bulk-up,RG,2,s2-control-s2-bulk-up-rg-r2-20260924T224939Z,2026-09-24T22:54:38Z,rss_kb_srv,28136,kB
s2,bulk-up,RG,2,s2-control-s2-bulk-up-rg-r2-20260924T224939Z,2026-09-24T22:54:38Z,hwm_kb_cli,5784,kB
s2,bulk-up,RG,2,s2-control-s2-bulk-up-rg-r2-20260924T224939Z,2026-09-24T22:54:38Z,hwm_kb_srv,28136,kB
s2,bulk-up,RG,2,s2-control-s2-bulk-up-rg-r2-20260924T224939Z,2026-09-24T22:54:38Z,out_segs_cli,592660,segments
s2,bulk-up,RG,2,s2-control-s2-bulk-up-rg-r2-20260924T224939Z,2026-09-24T22:54:38Z,out_segs_srv,12834,segments
s2,bulk-up,RG,2,s2-control-s2-bulk-up-rg-r2-20260924T224939Z,2026-09-24T22:54:38Z,retrans_pct_cli,0,% of OutSegs
s2,bulk-up,RG,2,s2-control-s2-bulk-up-rg-r2-20260924T224939Z,2026-09-24T22:54:38Z,retrans_pct_srv,0,% of OutSegs
s2,bulk-up,RG,2,s2-control-s2-bulk-up-rg-r2-20260924T224939Z,2026-09-24T22:54:38Z,retrans_segs_cli,0,segments
s2,bulk-up,RG,2,s2-control-s2-bulk-up-rg-r2-20260924T224939Z,2026-09-24T22:54:38Z,retrans_segs_srv,0,segments
s2,bulk-up,RG,2,s2-control-s2-bulk-up-rg-r2-20260924T224939Z,2026-09-24T22:54:38Z,fast_retrans_segs_cli,0,segments
s2,bulk-up,RG,2,s2-control-s2-bulk-up-rg-r2-20260924T224939Z,2026-09-24T22:54:38Z,fast_retrans_segs_srv,0,segments
s2,bulk-up,RG,2,s2-control-s2-bulk-up-rg-r2-20260924T224939Z,2026-09-24T22:54:38Z,early_retrans_segs_cli,0,segments
s2,bulk-up,RG,2,s2-control-s2-bulk-up-rg-r2-20260924T224939Z,2026-09-24T22:54:38Z,early_retrans_segs_srv,0,segments
s2,bulk-up,RG,2,s2-control-s2-bulk-up-rg-r2-20260924T224939Z,2026-09-24T22:54:38Z,lost_segs_cli,0,segments
s2,bulk-up,RG,2,s2-control-s2-bulk-up-rg-r2-20260924T224939Z,2026-09-24T22:54:38Z,lost_segs_srv,0,segments
s2,bulk-up,RG,2,s2-control-s2-bulk-up-rg-r2-20260924T224939Z,2026-09-24T22:54:38Z,repeat_segs_cli,0,segments
s2,bulk-up,RG,2,s2-control-s2-bulk-up-rg-r2-20260924T224939Z,2026-09-24T22:54:38Z,repeat_segs_srv,0,segments
s2,bulk-up,GG,3,s2-control-s2-bulk-up-gg-r3-20260924T224939Z,2026-09-24T22:55:16Z,goodput_mbit_s,164.037012615,Mbit/s
s2,bulk-up,GG,3,s2-control-s2-bulk-up-gg-r3-20260924T224939Z,2026-09-24T22:55:16Z,tcp_retransmits,14,segments
s2,bulk-up,GG,3,s2-control-s2-bulk-up-gg-r3-20260924T224939Z,2026-09-24T22:55:16Z,cpu_s_per_gb_cli,27.6392045738,s/GB
s2,bulk-up,GG,3,s2-control-s2-bulk-up-gg-r3-20260924T224939Z,2026-09-24T22:55:16Z,cpu_s_per_gb_srv,21.0885913312,s/GB
s2,bulk-up,GG,3,s2-control-s2-bulk-up-gg-r3-20260924T224939Z,2026-09-24T22:55:16Z,cpu_s_per_gb_total,48.727795905,s/GB
s2,bulk-up,GG,3,s2-control-s2-bulk-up-gg-r3-20260924T224939Z,2026-09-24T22:55:16Z,rss_kb_cli,28836,kB
s2,bulk-up,GG,3,s2-control-s2-bulk-up-gg-r3-20260924T224939Z,2026-09-24T22:55:16Z,rss_kb_srv,28420,kB
s2,bulk-up,GG,3,s2-control-s2-bulk-up-gg-r3-20260924T224939Z,2026-09-24T22:55:16Z,hwm_kb_cli,28836,kB
s2,bulk-up,GG,3,s2-control-s2-bulk-up-gg-r3-20260924T224939Z,2026-09-24T22:55:16Z,hwm_kb_srv,28420,kB
s2,bulk-up,GG,3,s2-control-s2-bulk-up-gg-r3-20260924T224939Z,2026-09-24T22:55:16Z,out_segs_cli,429897,segments
s2,bulk-up,GG,3,s2-control-s2-bulk-up-gg-r3-20260924T224939Z,2026-09-24T22:55:16Z,out_segs_srv,9355,segments
s2,bulk-up,GG,3,s2-control-s2-bulk-up-gg-r3-20260924T224939Z,2026-09-24T22:55:16Z,retrans_pct_cli,0,% of OutSegs
s2,bulk-up,GG,3,s2-control-s2-bulk-up-gg-r3-20260924T224939Z,2026-09-24T22:55:16Z,retrans_pct_srv,0,% of OutSegs
s2,bulk-up,GG,3,s2-control-s2-bulk-up-gg-r3-20260924T224939Z,2026-09-24T22:55:16Z,retrans_segs_cli,0,segments
s2,bulk-up,GG,3,s2-control-s2-bulk-up-gg-r3-20260924T224939Z,2026-09-24T22:55:16Z,retrans_segs_srv,0,segments
s2,bulk-up,GG,3,s2-control-s2-bulk-up-gg-r3-20260924T224939Z,2026-09-24T22:55:16Z,fast_retrans_segs_cli,0,segments
s2,bulk-up,GG,3,s2-control-s2-bulk-up-gg-r3-20260924T224939Z,2026-09-24T22:55:16Z,fast_retrans_segs_srv,0,segments
s2,bulk-up,GG,3,s2-control-s2-bulk-up-gg-r3-20260924T224939Z,2026-09-24T22:55:16Z,early_retrans_segs_cli,0,segments
s2,bulk-up,GG,3,s2-control-s2-bulk-up-gg-r3-20260924T224939Z,2026-09-24T22:55:16Z,early_retrans_segs_srv,0,segments
s2,bulk-up,GG,3,s2-control-s2-bulk-up-gg-r3-20260924T224939Z,2026-09-24T22:55:16Z,lost_segs_cli,0,segments
s2,bulk-up,GG,3,s2-control-s2-bulk-up-gg-r3-20260924T224939Z,2026-09-24T22:55:16Z,lost_segs_srv,0,segments
s2,bulk-up,GG,3,s2-control-s2-bulk-up-gg-r3-20260924T224939Z,2026-09-24T22:55:16Z,repeat_segs_cli,0,segments
s2,bulk-up,GG,3,s2-control-s2-bulk-up-gg-r3-20260924T224939Z,2026-09-24T22:55:16Z,repeat_segs_srv,0,segments
s2,bulk-up,RR,3,s2-control-s2-bulk-up-rr-r3-20260924T224939Z,2026-09-24T22:55:55Z,goodput_mbit_s,231.987541503,Mbit/s
s2,bulk-up,RR,3,s2-control-s2-bulk-up-rr-r3-20260924T224939Z,2026-09-24T22:55:55Z,tcp_retransmits,4,segments
s2,bulk-up,RR,3,s2-control-s2-bulk-up-rr-r3-20260924T224939Z,2026-09-24T22:55:55Z,cpu_s_per_gb_cli,16.7344474277,s/GB
s2,bulk-up,RR,3,s2-control-s2-bulk-up-rr-r3-20260924T224939Z,2026-09-24T22:55:55Z,cpu_s_per_gb_srv,16.7172486122,s/GB
s2,bulk-up,RR,3,s2-control-s2-bulk-up-rr-r3-20260924T224939Z,2026-09-24T22:55:55Z,cpu_s_per_gb_total,33.4516960399,s/GB
s2,bulk-up,RR,3,s2-control-s2-bulk-up-rr-r3-20260924T224939Z,2026-09-24T22:55:55Z,rss_kb_cli,5692,kB
s2,bulk-up,RR,3,s2-control-s2-bulk-up-rr-r3-20260924T224939Z,2026-09-24T22:55:55Z,rss_kb_srv,7396,kB
s2,bulk-up,RR,3,s2-control-s2-bulk-up-rr-r3-20260924T224939Z,2026-09-24T22:55:55Z,hwm_kb_cli,5700,kB
s2,bulk-up,RR,3,s2-control-s2-bulk-up-rr-r3-20260924T224939Z,2026-09-24T22:55:55Z,hwm_kb_srv,7396,kB
s2,bulk-up,RR,3,s2-control-s2-bulk-up-rr-r3-20260924T224939Z,2026-09-24T22:55:55Z,out_segs_cli,545398,segments
s2,bulk-up,RR,3,s2-control-s2-bulk-up-rr-r3-20260924T224939Z,2026-09-24T22:55:55Z,out_segs_srv,11217,segments
s2,bulk-up,RR,3,s2-control-s2-bulk-up-rr-r3-20260924T224939Z,2026-09-24T22:55:55Z,retrans_pct_cli,0,% of OutSegs
s2,bulk-up,RR,3,s2-control-s2-bulk-up-rr-r3-20260924T224939Z,2026-09-24T22:55:55Z,retrans_pct_srv,0,% of OutSegs
s2,bulk-up,RR,3,s2-control-s2-bulk-up-rr-r3-20260924T224939Z,2026-09-24T22:55:55Z,retrans_segs_cli,0,segments
s2,bulk-up,RR,3,s2-control-s2-bulk-up-rr-r3-20260924T224939Z,2026-09-24T22:55:55Z,retrans_segs_srv,0,segments
s2,bulk-up,RR,3,s2-control-s2-bulk-up-rr-r3-20260924T224939Z,2026-09-24T22:55:55Z,fast_retrans_segs_cli,0,segments
s2,bulk-up,RR,3,s2-control-s2-bulk-up-rr-r3-20260924T224939Z,2026-09-24T22:55:55Z,fast_retrans_segs_srv,0,segments
s2,bulk-up,RR,3,s2-control-s2-bulk-up-rr-r3-20260924T224939Z,2026-09-24T22:55:55Z,early_retrans_segs_cli,0,segments
s2,bulk-up,RR,3,s2-control-s2-bulk-up-rr-r3-20260924T224939Z,2026-09-24T22:55:55Z,early_retrans_segs_srv,0,segments
s2,bulk-up,RR,3,s2-control-s2-bulk-up-rr-r3-20260924T224939Z,2026-09-24T22:55:55Z,lost_segs_cli,0,segments
s2,bulk-up,RR,3,s2-control-s2-bulk-up-rr-r3-20260924T224939Z,2026-09-24T22:55:55Z,lost_segs_srv,0,segments
s2,bulk-up,RR,3,s2-control-s2-bulk-up-rr-r3-20260924T224939Z,2026-09-24T22:55:55Z,repeat_segs_cli,0,segments
s2,bulk-up,RR,3,s2-control-s2-bulk-up-rr-r3-20260924T224939Z,2026-09-24T22:55:55Z,repeat_segs_srv,0,segments
s2,bulk-up,GR,3,s2-control-s2-bulk-up-gr-r3-20260924T224939Z,2026-09-24T22:56:33Z,goodput_mbit_s,166.690943401,Mbit/s
s2,bulk-up,GR,3,s2-control-s2-bulk-up-gr-r3-20260924T224939Z,2026-09-24T22:56:33Z,tcp_retransmits,3,segments
s2,bulk-up,GR,3,s2-control-s2-bulk-up-gr-r3-20260924T224939Z,2026-09-24T22:56:33Z,cpu_s_per_gb_cli,31.1643399848,s/GB
s2,bulk-up,GR,3,s2-control-s2-bulk-up-gr-r3-20260924T224939Z,2026-09-24T22:56:33Z,cpu_s_per_gb_srv,15.8336884934,s/GB
s2,bulk-up,GR,3,s2-control-s2-bulk-up-gr-r3-20260924T224939Z,2026-09-24T22:56:33Z,cpu_s_per_gb_total,46.9980284782,s/GB
s2,bulk-up,GR,3,s2-control-s2-bulk-up-gr-r3-20260924T224939Z,2026-09-24T22:56:33Z,rss_kb_cli,29180,kB
s2,bulk-up,GR,3,s2-control-s2-bulk-up-gr-r3-20260924T224939Z,2026-09-24T22:56:33Z,rss_kb_srv,6712,kB
s2,bulk-up,GR,3,s2-control-s2-bulk-up-gr-r3-20260924T224939Z,2026-09-24T22:56:33Z,hwm_kb_cli,29180,kB
s2,bulk-up,GR,3,s2-control-s2-bulk-up-gr-r3-20260924T224939Z,2026-09-24T22:56:33Z,hwm_kb_srv,6712,kB
s2,bulk-up,GR,3,s2-control-s2-bulk-up-gr-r3-20260924T224939Z,2026-09-24T22:56:33Z,out_segs_cli,438744,segments
s2,bulk-up,GR,3,s2-control-s2-bulk-up-gr-r3-20260924T224939Z,2026-09-24T22:56:33Z,out_segs_srv,8777,segments
s2,bulk-up,GR,3,s2-control-s2-bulk-up-gr-r3-20260924T224939Z,2026-09-24T22:56:33Z,retrans_pct_cli,0,% of OutSegs
s2,bulk-up,GR,3,s2-control-s2-bulk-up-gr-r3-20260924T224939Z,2026-09-24T22:56:33Z,retrans_pct_srv,0,% of OutSegs
s2,bulk-up,GR,3,s2-control-s2-bulk-up-gr-r3-20260924T224939Z,2026-09-24T22:56:33Z,retrans_segs_cli,0,segments
s2,bulk-up,GR,3,s2-control-s2-bulk-up-gr-r3-20260924T224939Z,2026-09-24T22:56:33Z,retrans_segs_srv,0,segments
s2,bulk-up,GR,3,s2-control-s2-bulk-up-gr-r3-20260924T224939Z,2026-09-24T22:56:33Z,fast_retrans_segs_cli,0,segments
s2,bulk-up,GR,3,s2-control-s2-bulk-up-gr-r3-20260924T224939Z,2026-09-24T22:56:33Z,fast_retrans_segs_srv,0,segments
s2,bulk-up,GR,3,s2-control-s2-bulk-up-gr-r3-20260924T224939Z,2026-09-24T22:56:33Z,early_retrans_segs_cli,0,segments
s2,bulk-up,GR,3,s2-control-s2-bulk-up-gr-r3-20260924T224939Z,2026-09-24T22:56:33Z,early_retrans_segs_srv,0,segments
s2,bulk-up,GR,3,s2-control-s2-bulk-up-gr-r3-20260924T224939Z,2026-09-24T22:56:33Z,lost_segs_cli,0,segments
s2,bulk-up,GR,3,s2-control-s2-bulk-up-gr-r3-20260924T224939Z,2026-09-24T22:56:33Z,lost_segs_srv,0,segments
s2,bulk-up,GR,3,s2-control-s2-bulk-up-gr-r3-20260924T224939Z,2026-09-24T22:56:33Z,repeat_segs_cli,0,segments
s2,bulk-up,GR,3,s2-control-s2-bulk-up-gr-r3-20260924T224939Z,2026-09-24T22:56:33Z,repeat_segs_srv,0,segments
s2,bulk-up,RG,3,s2-control-s2-bulk-up-rg-r3-20260924T224939Z,2026-09-24T22:57:12Z,goodput_mbit_s,208.150145266,Mbit/s
s2,bulk-up,RG,3,s2-control-s2-bulk-up-rg-r3-20260924T224939Z,2026-09-24T22:57:12Z,tcp_retransmits,15,segments
s2,bulk-up,RG,3,s2-control-s2-bulk-up-rg-r3-20260924T224939Z,2026-09-24T22:57:12Z,cpu_s_per_gb_cli,15.9145450137,s/GB
s2,bulk-up,RG,3,s2-control-s2-bulk-up-rg-r3-20260924T224939Z,2026-09-24T22:57:12Z,cpu_s_per_gb_srv,21.0723915301,s/GB
s2,bulk-up,RG,3,s2-control-s2-bulk-up-rg-r3-20260924T224939Z,2026-09-24T22:57:12Z,cpu_s_per_gb_total,36.9869365438,s/GB
s2,bulk-up,RG,3,s2-control-s2-bulk-up-rg-r3-20260924T224939Z,2026-09-24T22:57:12Z,rss_kb_cli,5860,kB
s2,bulk-up,RG,3,s2-control-s2-bulk-up-rg-r3-20260924T224939Z,2026-09-24T22:57:12Z,rss_kb_srv,29636,kB
s2,bulk-up,RG,3,s2-control-s2-bulk-up-rg-r3-20260924T224939Z,2026-09-24T22:57:12Z,hwm_kb_cli,5860,kB
s2,bulk-up,RG,3,s2-control-s2-bulk-up-rg-r3-20260924T224939Z,2026-09-24T22:57:12Z,hwm_kb_srv,29688,kB
s2,bulk-up,RG,3,s2-control-s2-bulk-up-rg-r3-20260924T224939Z,2026-09-24T22:57:12Z,out_segs_cli,491197,segments
s2,bulk-up,RG,3,s2-control-s2-bulk-up-rg-r3-20260924T224939Z,2026-09-24T22:57:12Z,out_segs_srv,10674,segments
s2,bulk-up,RG,3,s2-control-s2-bulk-up-rg-r3-20260924T224939Z,2026-09-24T22:57:12Z,retrans_pct_cli,0,% of OutSegs
s2,bulk-up,RG,3,s2-control-s2-bulk-up-rg-r3-20260924T224939Z,2026-09-24T22:57:12Z,retrans_pct_srv,0,% of OutSegs
s2,bulk-up,RG,3,s2-control-s2-bulk-up-rg-r3-20260924T224939Z,2026-09-24T22:57:12Z,retrans_segs_cli,0,segments
s2,bulk-up,RG,3,s2-control-s2-bulk-up-rg-r3-20260924T224939Z,2026-09-24T22:57:12Z,retrans_segs_srv,0,segments
s2,bulk-up,RG,3,s2-control-s2-bulk-up-rg-r3-20260924T224939Z,2026-09-24T22:57:12Z,fast_retrans_segs_cli,0,segments
s2,bulk-up,RG,3,s2-control-s2-bulk-up-rg-r3-20260924T224939Z,2026-09-24T22:57:12Z,fast_retrans_segs_srv,0,segments
s2,bulk-up,RG,3,s2-control-s2-bulk-up-rg-r3-20260924T224939Z,2026-09-24T22:57:12Z,early_retrans_segs_cli,0,segments
s2,bulk-up,RG,3,s2-control-s2-bulk-up-rg-r3-20260924T224939Z,2026-09-24T22:57:12Z,early_retrans_segs_srv,0,segments
s2,bulk-up,RG,3,s2-control-s2-bulk-up-rg-r3-20260924T224939Z,2026-09-24T22:57:12Z,lost_segs_cli,0,segments
s2,bulk-up,RG,3,s2-control-s2-bulk-up-rg-r3-20260924T224939Z,2026-09-24T22:57:12Z,lost_segs_srv,0,segments
s2,bulk-up,RG,3,s2-control-s2-bulk-up-rg-r3-20260924T224939Z,2026-09-24T22:57:12Z,repeat_segs_cli,0,segments
s2,bulk-up,RG,3,s2-control-s2-bulk-up-rg-r3-20260924T224939Z,2026-09-24T22:57:12Z,repeat_segs_srv,0,segments
s2,bulk-up,GG,4,s2-control-s2-bulk-up-gg-r4-20260924T224939Z,2026-09-24T22:57:52Z,goodput_mbit_s,161.238336996,Mbit/s
s2,bulk-up,GG,4,s2-control-s2-bulk-up-gg-r4-20260924T224939Z,2026-09-24T22:57:52Z,tcp_retransmits,17,segments
s2,bulk-up,GG,4,s2-control-s2-bulk-up-gg-r4-20260924T224939Z,2026-09-24T22:57:52Z,cpu_s_per_gb_cli,29.4485225176,s/GB
s2,bulk-up,GG,4,s2-control-s2-bulk-up-gg-r4-20260924T224939Z,2026-09-24T22:57:52Z,cpu_s_per_gb_srv,19.6488461168,s/GB
s2,bulk-up,GG,4,s2-control-s2-bulk-up-gg-r4-20260924T224939Z,2026-09-24T22:57:52Z,cpu_s_per_gb_total,49.0973686344,s/GB
s2,bulk-up,GG,4,s2-control-s2-bulk-up-gg-r4-20260924T224939Z,2026-09-24T22:57:52Z,rss_kb_cli,29140,kB
s2,bulk-up,GG,4,s2-control-s2-bulk-up-gg-r4-20260924T224939Z,2026-09-24T22:57:52Z,rss_kb_srv,30324,kB
s2,bulk-up,GG,4,s2-control-s2-bulk-up-gg-r4-20260924T224939Z,2026-09-24T22:57:52Z,hwm_kb_cli,29140,kB
s2,bulk-up,GG,4,s2-control-s2-bulk-up-gg-r4-20260924T224939Z,2026-09-24T22:57:52Z,hwm_kb_srv,30324,kB
s2,bulk-up,GG,4,s2-control-s2-bulk-up-gg-r4-20260924T224939Z,2026-09-24T22:57:52Z,out_segs_cli,436046,segments
s2,bulk-up,GG,4,s2-control-s2-bulk-up-gg-r4-20260924T224939Z,2026-09-24T22:57:52Z,out_segs_srv,9342,segments
s2,bulk-up,GG,4,s2-control-s2-bulk-up-gg-r4-20260924T224939Z,2026-09-24T22:57:52Z,retrans_pct_cli,0,% of OutSegs
s2,bulk-up,GG,4,s2-control-s2-bulk-up-gg-r4-20260924T224939Z,2026-09-24T22:57:52Z,retrans_pct_srv,0,% of OutSegs
s2,bulk-up,GG,4,s2-control-s2-bulk-up-gg-r4-20260924T224939Z,2026-09-24T22:57:52Z,retrans_segs_cli,0,segments
s2,bulk-up,GG,4,s2-control-s2-bulk-up-gg-r4-20260924T224939Z,2026-09-24T22:57:52Z,retrans_segs_srv,0,segments
s2,bulk-up,GG,4,s2-control-s2-bulk-up-gg-r4-20260924T224939Z,2026-09-24T22:57:52Z,fast_retrans_segs_cli,0,segments
s2,bulk-up,GG,4,s2-control-s2-bulk-up-gg-r4-20260924T224939Z,2026-09-24T22:57:52Z,fast_retrans_segs_srv,0,segments
s2,bulk-up,GG,4,s2-control-s2-bulk-up-gg-r4-20260924T224939Z,2026-09-24T22:57:52Z,early_retrans_segs_cli,0,segments
s2,bulk-up,GG,4,s2-control-s2-bulk-up-gg-r4-20260924T224939Z,2026-09-24T22:57:52Z,early_retrans_segs_srv,0,segments
s2,bulk-up,GG,4,s2-control-s2-bulk-up-gg-r4-20260924T224939Z,2026-09-24T22:57:52Z,lost_segs_cli,0,segments
s2,bulk-up,GG,4,s2-control-s2-bulk-up-gg-r4-20260924T224939Z,2026-09-24T22:57:52Z,lost_segs_srv,0,segments
s2,bulk-up,GG,4,s2-control-s2-bulk-up-gg-r4-20260924T224939Z,2026-09-24T22:57:52Z,repeat_segs_cli,0,segments
s2,bulk-up,GG,4,s2-control-s2-bulk-up-gg-r4-20260924T224939Z,2026-09-24T22:57:52Z,repeat_segs_srv,0,segments
s2,bulk-up,RR,4,s2-control-s2-bulk-up-rr-r4-20260924T224939Z,2026-09-24T22:58:31Z,goodput_mbit_s,238.414095346,Mbit/s
s2,bulk-up,RR,4,s2-control-s2-bulk-up-rr-r4-20260924T224939Z,2026-09-24T22:58:31Z,tcp_retransmits,1,segments
s2,bulk-up,RR,4,s2-control-s2-bulk-up-rr-r4-20260924T224939Z,2026-09-24T22:58:31Z,cpu_s_per_gb_cli,16.3032695775,s/GB
s2,bulk-up,RR,4,s2-control-s2-bulk-up-rr-r4-20260924T224939Z,2026-09-24T22:58:31Z,cpu_s_per_gb_srv,16.2865311077,s/GB
s2,bulk-up,RR,4,s2-control-s2-bulk-up-rr-r4-20260924T224939Z,2026-09-24T22:58:31Z,cpu_s_per_gb_total,32.5898006853,s/GB
s2,bulk-up,RR,4,s2-control-s2-bulk-up-rr-r4-20260924T224939Z,2026-09-24T22:58:31Z,rss_kb_cli,5684,kB
s2,bulk-up,RR,4,s2-control-s2-bulk-up-rr-r4-20260924T224939Z,2026-09-24T22:58:31Z,rss_kb_srv,7036,kB
s2,bulk-up,RR,4,s2-control-s2-bulk-up-rr-r4-20260924T224939Z,2026-09-24T22:58:31Z,hwm_kb_cli,5692,kB
s2,bulk-up,RR,4,s2-control-s2-bulk-up-rr-r4-20260924T224939Z,2026-09-24T22:58:31Z,hwm_kb_srv,7036,kB
s2,bulk-up,RR,4,s2-control-s2-bulk-up-rr-r4-20260924T224939Z,2026-09-24T22:58:31Z,out_segs_cli,550780,segments
s2,bulk-up,RR,4,s2-control-s2-bulk-up-rr-r4-20260924T224939Z,2026-09-24T22:58:31Z,out_segs_srv,11205,segments
s2,bulk-up,RR,4,s2-control-s2-bulk-up-rr-r4-20260924T224939Z,2026-09-24T22:58:31Z,retrans_pct_cli,0,% of OutSegs
s2,bulk-up,RR,4,s2-control-s2-bulk-up-rr-r4-20260924T224939Z,2026-09-24T22:58:31Z,retrans_pct_srv,0,% of OutSegs
s2,bulk-up,RR,4,s2-control-s2-bulk-up-rr-r4-20260924T224939Z,2026-09-24T22:58:31Z,retrans_segs_cli,0,segments
s2,bulk-up,RR,4,s2-control-s2-bulk-up-rr-r4-20260924T224939Z,2026-09-24T22:58:31Z,retrans_segs_srv,0,segments
s2,bulk-up,RR,4,s2-control-s2-bulk-up-rr-r4-20260924T224939Z,2026-09-24T22:58:31Z,fast_retrans_segs_cli,0,segments
s2,bulk-up,RR,4,s2-control-s2-bulk-up-rr-r4-20260924T224939Z,2026-09-24T22:58:31Z,fast_retrans_segs_srv,0,segments
s2,bulk-up,RR,4,s2-control-s2-bulk-up-rr-r4-20260924T224939Z,2026-09-24T22:58:31Z,early_retrans_segs_cli,0,segments
s2,bulk-up,RR,4,s2-control-s2-bulk-up-rr-r4-20260924T224939Z,2026-09-24T22:58:31Z,early_retrans_segs_srv,0,segments
s2,bulk-up,RR,4,s2-control-s2-bulk-up-rr-r4-20260924T224939Z,2026-09-24T22:58:31Z,lost_segs_cli,0,segments
s2,bulk-up,RR,4,s2-control-s2-bulk-up-rr-r4-20260924T224939Z,2026-09-24T22:58:31Z,lost_segs_srv,0,segments
s2,bulk-up,RR,4,s2-control-s2-bulk-up-rr-r4-20260924T224939Z,2026-09-24T22:58:31Z,repeat_segs_cli,0,segments
s2,bulk-up,RR,4,s2-control-s2-bulk-up-rr-r4-20260924T224939Z,2026-09-24T22:58:31Z,repeat_segs_srv,0,segments
s2,bulk-up,GR,4,s2-control-s2-bulk-up-gr-r4-20260924T224939Z,2026-09-24T22:59:09Z,goodput_mbit_s,163.012260583,Mbit/s
s2,bulk-up,GR,4,s2-control-s2-bulk-up-gr-r4-20260924T224939Z,2026-09-24T22:59:09Z,tcp_retransmits,5,segments
s2,bulk-up,GR,4,s2-control-s2-bulk-up-gr-r4-20260924T224939Z,2026-09-24T22:59:09Z,cpu_s_per_gb_cli,31.6095903076,s/GB
s2,bulk-up,GR,4,s2-control-s2-bulk-up-gr-r4-20260924T224939Z,2026-09-24T22:59:09Z,cpu_s_per_gb_srv,16.2822444264,s/GB
s2,bulk-up,GR,4,s2-control-s2-bulk-up-gr-r4-20260924T224939Z,2026-09-24T22:59:09Z,cpu_s_per_gb_total,47.891834734,s/GB
s2,bulk-up,GR,4,s2-control-s2-bulk-up-gr-r4-20260924T224939Z,2026-09-24T22:59:09Z,rss_kb_cli,29308,kB
s2,bulk-up,GR,4,s2-control-s2-bulk-up-gr-r4-20260924T224939Z,2026-09-24T22:59:09Z,rss_kb_srv,6436,kB
s2,bulk-up,GR,4,s2-control-s2-bulk-up-gr-r4-20260924T224939Z,2026-09-24T22:59:09Z,hwm_kb_cli,29308,kB
s2,bulk-up,GR,4,s2-control-s2-bulk-up-gr-r4-20260924T224939Z,2026-09-24T22:59:09Z,hwm_kb_srv,6436,kB
s2,bulk-up,GR,4,s2-control-s2-bulk-up-gr-r4-20260924T224939Z,2026-09-24T22:59:09Z,out_segs_cli,434636,segments
s2,bulk-up,GR,4,s2-control-s2-bulk-up-gr-r4-20260924T224939Z,2026-09-24T22:59:09Z,out_segs_srv,8805,segments
s2,bulk-up,GR,4,s2-control-s2-bulk-up-gr-r4-20260924T224939Z,2026-09-24T22:59:09Z,retrans_pct_cli,0,% of OutSegs
s2,bulk-up,GR,4,s2-control-s2-bulk-up-gr-r4-20260924T224939Z,2026-09-24T22:59:09Z,retrans_pct_srv,0,% of OutSegs
s2,bulk-up,GR,4,s2-control-s2-bulk-up-gr-r4-20260924T224939Z,2026-09-24T22:59:09Z,retrans_segs_cli,0,segments
s2,bulk-up,GR,4,s2-control-s2-bulk-up-gr-r4-20260924T224939Z,2026-09-24T22:59:09Z,retrans_segs_srv,0,segments
s2,bulk-up,GR,4,s2-control-s2-bulk-up-gr-r4-20260924T224939Z,2026-09-24T22:59:09Z,fast_retrans_segs_cli,0,segments
s2,bulk-up,GR,4,s2-control-s2-bulk-up-gr-r4-20260924T224939Z,2026-09-24T22:59:09Z,fast_retrans_segs_srv,0,segments
s2,bulk-up,GR,4,s2-control-s2-bulk-up-gr-r4-20260924T224939Z,2026-09-24T22:59:09Z,early_retrans_segs_cli,0,segments
s2,bulk-up,GR,4,s2-control-s2-bulk-up-gr-r4-20260924T224939Z,2026-09-24T22:59:09Z,early_retrans_segs_srv,0,segments
s2,bulk-up,GR,4,s2-control-s2-bulk-up-gr-r4-20260924T224939Z,2026-09-24T22:59:09Z,lost_segs_cli,0,segments
s2,bulk-up,GR,4,s2-control-s2-bulk-up-gr-r4-20260924T224939Z,2026-09-24T22:59:09Z,lost_segs_srv,0,segments
s2,bulk-up,GR,4,s2-control-s2-bulk-up-gr-r4-20260924T224939Z,2026-09-24T22:59:09Z,repeat_segs_cli,0,segments
s2,bulk-up,GR,4,s2-control-s2-bulk-up-gr-r4-20260924T224939Z,2026-09-24T22:59:09Z,repeat_segs_srv,0,segments
s2,bulk-up,RG,4,s2-control-s2-bulk-up-rg-r4-20260924T224939Z,2026-09-24T22:59:48Z,goodput_mbit_s,221.807850109,Mbit/s
s2,bulk-up,RG,4,s2-control-s2-bulk-up-rg-r4-20260924T224939Z,2026-09-24T22:59:48Z,tcp_retransmits,10,segments
s2,bulk-up,RG,4,s2-control-s2-bulk-up-rg-r4-20260924T224939Z,2026-09-24T22:59:48Z,cpu_s_per_gb_cli,15.1508259323,s/GB
s2,bulk-up,RG,4,s2-control-s2-bulk-up-rg-r4-20260924T224939Z,2026-09-24T22:59:48Z,cpu_s_per_gb_srv,19.9012036593,s/GB
s2,bulk-up,RG,4,s2-control-s2-bulk-up-rg-r4-20260924T224939Z,2026-09-24T22:59:48Z,cpu_s_per_gb_total,35.0520295917,s/GB
s2,bulk-up,RG,4,s2-control-s2-bulk-up-rg-r4-20260924T224939Z,2026-09-24T22:59:48Z,rss_kb_cli,5720,kB
s2,bulk-up,RG,4,s2-control-s2-bulk-up-rg-r4-20260924T224939Z,2026-09-24T22:59:48Z,rss_kb_srv,28332,kB
s2,bulk-up,RG,4,s2-control-s2-bulk-up-rg-r4-20260924T224939Z,2026-09-24T22:59:48Z,hwm_kb_cli,5728,kB
s2,bulk-up,RG,4,s2-control-s2-bulk-up-rg-r4-20260924T224939Z,2026-09-24T22:59:48Z,hwm_kb_srv,28332,kB
s2,bulk-up,RG,4,s2-control-s2-bulk-up-rg-r4-20260924T224939Z,2026-09-24T22:59:48Z,out_segs_cli,519031,segments
s2,bulk-up,RG,4,s2-control-s2-bulk-up-rg-r4-20260924T224939Z,2026-09-24T22:59:48Z,out_segs_srv,11173,segments
s2,bulk-up,RG,4,s2-control-s2-bulk-up-rg-r4-20260924T224939Z,2026-09-24T22:59:48Z,retrans_pct_cli,0,% of OutSegs
s2,bulk-up,RG,4,s2-control-s2-bulk-up-rg-r4-20260924T224939Z,2026-09-24T22:59:48Z,retrans_pct_srv,0,% of OutSegs
s2,bulk-up,RG,4,s2-control-s2-bulk-up-rg-r4-20260924T224939Z,2026-09-24T22:59:48Z,retrans_segs_cli,0,segments
s2,bulk-up,RG,4,s2-control-s2-bulk-up-rg-r4-20260924T224939Z,2026-09-24T22:59:48Z,retrans_segs_srv,0,segments
s2,bulk-up,RG,4,s2-control-s2-bulk-up-rg-r4-20260924T224939Z,2026-09-24T22:59:48Z,fast_retrans_segs_cli,0,segments
s2,bulk-up,RG,4,s2-control-s2-bulk-up-rg-r4-20260924T224939Z,2026-09-24T22:59:48Z,fast_retrans_segs_srv,0,segments
s2,bulk-up,RG,4,s2-control-s2-bulk-up-rg-r4-20260924T224939Z,2026-09-24T22:59:48Z,early_retrans_segs_cli,0,segments
s2,bulk-up,RG,4,s2-control-s2-bulk-up-rg-r4-20260924T224939Z,2026-09-24T22:59:48Z,early_retrans_segs_srv,0,segments
s2,bulk-up,RG,4,s2-control-s2-bulk-up-rg-r4-20260924T224939Z,2026-09-24T22:59:48Z,lost_segs_cli,0,segments
s2,bulk-up,RG,4,s2-control-s2-bulk-up-rg-r4-20260924T224939Z,2026-09-24T22:59:48Z,lost_segs_srv,0,segments
s2,bulk-up,RG,4,s2-control-s2-bulk-up-rg-r4-20260924T224939Z,2026-09-24T22:59:48Z,repeat_segs_cli,0,segments
s2,bulk-up,RG,4,s2-control-s2-bulk-up-rg-r4-20260924T224939Z,2026-09-24T22:59:48Z,repeat_segs_srv,0,segments
s2,bulk-up,GG,5,s2-control-s2-bulk-up-gg-r5-20260924T224939Z,2026-09-24T23:00:26Z,goodput_mbit_s,134.739847578,Mbit/s
s2,bulk-up,GG,5,s2-control-s2-bulk-up-gg-r5-20260924T224939Z,2026-09-24T23:00:26Z,tcp_retransmits,9,segments
s2,bulk-up,GG,5,s2-control-s2-bulk-up-gg-r5-20260924T224939Z,2026-09-24T23:00:26Z,cpu_s_per_gb_cli,31.8212416566,s/GB
s2,bulk-up,GG,5,s2-control-s2-bulk-up-gg-r5-20260924T224939Z,2026-09-24T23:00:26Z,cpu_s_per_gb_srv,27.6435926123,s/GB
s2,bulk-up,GG,5,s2-control-s2-bulk-up-gg-r5-20260924T224939Z,2026-09-24T23:00:26Z,cpu_s_per_gb_total,59.4648342688,s/GB
s2,bulk-up,GG,5,s2-control-s2-bulk-up-gg-r5-20260924T224939Z,2026-09-24T23:00:26Z,rss_kb_cli,27748,kB
s2,bulk-up,GG,5,s2-control-s2-bulk-up-gg-r5-20260924T224939Z,2026-09-24T23:00:26Z,rss_kb_srv,28964,kB
s2,bulk-up,GG,5,s2-control-s2-bulk-up-gg-r5-20260924T224939Z,2026-09-24T23:00:26Z,hwm_kb_cli,27748,kB
s2,bulk-up,GG,5,s2-control-s2-bulk-up-gg-r5-20260924T224939Z,2026-09-24T23:00:26Z,hwm_kb_srv,29128,kB
s2,bulk-up,GG,5,s2-control-s2-bulk-up-gg-r5-20260924T224939Z,2026-09-24T23:00:26Z,out_segs_cli,351923,segments
s2,bulk-up,GG,5,s2-control-s2-bulk-up-gg-r5-20260924T224939Z,2026-09-24T23:00:26Z,out_segs_srv,7803,segments
s2,bulk-up,GG,5,s2-control-s2-bulk-up-gg-r5-20260924T224939Z,2026-09-24T23:00:26Z,retrans_pct_cli,0,% of OutSegs
s2,bulk-up,GG,5,s2-control-s2-bulk-up-gg-r5-20260924T224939Z,2026-09-24T23:00:26Z,retrans_pct_srv,0,% of OutSegs
s2,bulk-up,GG,5,s2-control-s2-bulk-up-gg-r5-20260924T224939Z,2026-09-24T23:00:26Z,retrans_segs_cli,0,segments
s2,bulk-up,GG,5,s2-control-s2-bulk-up-gg-r5-20260924T224939Z,2026-09-24T23:00:26Z,retrans_segs_srv,0,segments
s2,bulk-up,GG,5,s2-control-s2-bulk-up-gg-r5-20260924T224939Z,2026-09-24T23:00:26Z,fast_retrans_segs_cli,0,segments
s2,bulk-up,GG,5,s2-control-s2-bulk-up-gg-r5-20260924T224939Z,2026-09-24T23:00:26Z,fast_retrans_segs_srv,0,segments
s2,bulk-up,GG,5,s2-control-s2-bulk-up-gg-r5-20260924T224939Z,2026-09-24T23:00:26Z,early_retrans_segs_cli,0,segments
s2,bulk-up,GG,5,s2-control-s2-bulk-up-gg-r5-20260924T224939Z,2026-09-24T23:00:26Z,early_retrans_segs_srv,0,segments
s2,bulk-up,GG,5,s2-control-s2-bulk-up-gg-r5-20260924T224939Z,2026-09-24T23:00:26Z,lost_segs_cli,0,segments
s2,bulk-up,GG,5,s2-control-s2-bulk-up-gg-r5-20260924T224939Z,2026-09-24T23:00:26Z,lost_segs_srv,0,segments
s2,bulk-up,GG,5,s2-control-s2-bulk-up-gg-r5-20260924T224939Z,2026-09-24T23:00:26Z,repeat_segs_cli,0,segments
s2,bulk-up,GG,5,s2-control-s2-bulk-up-gg-r5-20260924T224939Z,2026-09-24T23:00:26Z,repeat_segs_srv,0,segments
s2,bulk-up,RR,5,s2-control-s2-bulk-up-rr-r5-20260924T224939Z,2026-09-24T23:01:05Z,goodput_mbit_s,238.955300847,Mbit/s
s2,bulk-up,RR,5,s2-control-s2-bulk-up-rr-r5-20260924T224939Z,2026-09-24T23:01:05Z,tcp_retransmits,3,segments
s2,bulk-up,RR,5,s2-control-s2-bulk-up-rr-r5-20260924T224939Z,2026-09-24T23:01:05Z,cpu_s_per_gb_cli,16.3582506485,s/GB
s2,bulk-up,RR,5,s2-control-s2-bulk-up-rr-r5-20260924T224939Z,2026-09-24T23:01:05Z,cpu_s_per_gb_srv,16.3081232205,s/GB
s2,bulk-up,RR,5,s2-control-s2-bulk-up-rr-r5-20260924T224939Z,2026-09-24T23:01:05Z,cpu_s_per_gb_total,32.666373869,s/GB
s2,bulk-up,RR,5,s2-control-s2-bulk-up-rr-r5-20260924T224939Z,2026-09-24T23:01:05Z,rss_kb_cli,5884,kB
s2,bulk-up,RR,5,s2-control-s2-bulk-up-rr-r5-20260924T224939Z,2026-09-24T23:01:05Z,rss_kb_srv,6956,kB
s2,bulk-up,RR,5,s2-control-s2-bulk-up-rr-r5-20260924T224939Z,2026-09-24T23:01:05Z,hwm_kb_cli,5884,kB
s2,bulk-up,RR,5,s2-control-s2-bulk-up-rr-r5-20260924T224939Z,2026-09-24T23:01:05Z,hwm_kb_srv,6956,kB
s2,bulk-up,RR,5,s2-control-s2-bulk-up-rr-r5-20260924T224939Z,2026-09-24T23:01:05Z,out_segs_cli,559749,segments
s2,bulk-up,RR,5,s2-control-s2-bulk-up-rr-r5-20260924T224939Z,2026-09-24T23:01:05Z,out_segs_srv,11575,segments
s2,bulk-up,RR,5,s2-control-s2-bulk-up-rr-r5-20260924T224939Z,2026-09-24T23:01:05Z,retrans_pct_cli,0,% of OutSegs
s2,bulk-up,RR,5,s2-control-s2-bulk-up-rr-r5-20260924T224939Z,2026-09-24T23:01:05Z,retrans_pct_srv,0,% of OutSegs
s2,bulk-up,RR,5,s2-control-s2-bulk-up-rr-r5-20260924T224939Z,2026-09-24T23:01:05Z,retrans_segs_cli,0,segments
s2,bulk-up,RR,5,s2-control-s2-bulk-up-rr-r5-20260924T224939Z,2026-09-24T23:01:05Z,retrans_segs_srv,0,segments
s2,bulk-up,RR,5,s2-control-s2-bulk-up-rr-r5-20260924T224939Z,2026-09-24T23:01:05Z,fast_retrans_segs_cli,0,segments
s2,bulk-up,RR,5,s2-control-s2-bulk-up-rr-r5-20260924T224939Z,2026-09-24T23:01:05Z,fast_retrans_segs_srv,0,segments
s2,bulk-up,RR,5,s2-control-s2-bulk-up-rr-r5-20260924T224939Z,2026-09-24T23:01:05Z,early_retrans_segs_cli,0,segments
s2,bulk-up,RR,5,s2-control-s2-bulk-up-rr-r5-20260924T224939Z,2026-09-24T23:01:05Z,early_retrans_segs_srv,0,segments
s2,bulk-up,RR,5,s2-control-s2-bulk-up-rr-r5-20260924T224939Z,2026-09-24T23:01:05Z,lost_segs_cli,0,segments
s2,bulk-up,RR,5,s2-control-s2-bulk-up-rr-r5-20260924T224939Z,2026-09-24T23:01:05Z,lost_segs_srv,0,segments
s2,bulk-up,RR,5,s2-control-s2-bulk-up-rr-r5-20260924T224939Z,2026-09-24T23:01:05Z,repeat_segs_cli,0,segments
s2,bulk-up,RR,5,s2-control-s2-bulk-up-rr-r5-20260924T224939Z,2026-09-24T23:01:05Z,repeat_segs_srv,0,segments
s2,bulk-up,GR,5,s2-control-s2-bulk-up-gr-r5-20260924T224939Z,2026-09-24T23:01:44Z,goodput_mbit_s,172.219834532,Mbit/s
s2,bulk-up,GR,5,s2-control-s2-bulk-up-gr-r5-20260924T224939Z,2026-09-24T23:01:44Z,tcp_retransmits,1,segments
s2,bulk-up,GR,5,s2-control-s2-bulk-up-gr-r5-20260924T224939Z,2026-09-24T23:01:44Z,cpu_s_per_gb_cli,29.8732975419,s/GB
s2,bulk-up,GR,5,s2-control-s2-bulk-up-gr-r5-20260924T224939Z,2026-09-24T23:01:44Z,cpu_s_per_gb_srv,15.4117477621,s/GB
s2,bulk-up,GR,5,s2-control-s2-bulk-up-gr-r5-20260924T224939Z,2026-09-24T23:01:44Z,cpu_s_per_gb_total,45.285045304,s/GB
s2,bulk-up,GR,5,s2-control-s2-bulk-up-gr-r5-20260924T224939Z,2026-09-24T23:01:44Z,rss_kb_cli,27848,kB
s2,bulk-up,GR,5,s2-control-s2-bulk-up-gr-r5-20260924T224939Z,2026-09-24T23:01:44Z,rss_kb_srv,6688,kB
s2,bulk-up,GR,5,s2-control-s2-bulk-up-gr-r5-20260924T224939Z,2026-09-24T23:01:44Z,hwm_kb_cli,27848,kB
s2,bulk-up,GR,5,s2-control-s2-bulk-up-gr-r5-20260924T224939Z,2026-09-24T23:01:44Z,hwm_kb_srv,6688,kB
s2,bulk-up,GR,5,s2-control-s2-bulk-up-gr-r5-20260924T224939Z,2026-09-24T23:01:44Z,out_segs_cli,450011,segments
s2,bulk-up,GR,5,s2-control-s2-bulk-up-gr-r5-20260924T224939Z,2026-09-24T23:01:44Z,out_segs_srv,8967,segments
s2,bulk-up,GR,5,s2-control-s2-bulk-up-gr-r5-20260924T224939Z,2026-09-24T23:01:44Z,retrans_pct_cli,0,% of OutSegs
s2,bulk-up,GR,5,s2-control-s2-bulk-up-gr-r5-20260924T224939Z,2026-09-24T23:01:44Z,retrans_pct_srv,0,% of OutSegs
s2,bulk-up,GR,5,s2-control-s2-bulk-up-gr-r5-20260924T224939Z,2026-09-24T23:01:44Z,retrans_segs_cli,0,segments
s2,bulk-up,GR,5,s2-control-s2-bulk-up-gr-r5-20260924T224939Z,2026-09-24T23:01:44Z,retrans_segs_srv,0,segments
s2,bulk-up,GR,5,s2-control-s2-bulk-up-gr-r5-20260924T224939Z,2026-09-24T23:01:44Z,fast_retrans_segs_cli,0,segments
s2,bulk-up,GR,5,s2-control-s2-bulk-up-gr-r5-20260924T224939Z,2026-09-24T23:01:44Z,fast_retrans_segs_srv,0,segments
s2,bulk-up,GR,5,s2-control-s2-bulk-up-gr-r5-20260924T224939Z,2026-09-24T23:01:44Z,early_retrans_segs_cli,0,segments
s2,bulk-up,GR,5,s2-control-s2-bulk-up-gr-r5-20260924T224939Z,2026-09-24T23:01:44Z,early_retrans_segs_srv,0,segments
s2,bulk-up,GR,5,s2-control-s2-bulk-up-gr-r5-20260924T224939Z,2026-09-24T23:01:44Z,lost_segs_cli,0,segments
s2,bulk-up,GR,5,s2-control-s2-bulk-up-gr-r5-20260924T224939Z,2026-09-24T23:01:44Z,lost_segs_srv,0,segments
s2,bulk-up,GR,5,s2-control-s2-bulk-up-gr-r5-20260924T224939Z,2026-09-24T23:01:44Z,repeat_segs_cli,0,segments
s2,bulk-up,GR,5,s2-control-s2-bulk-up-gr-r5-20260924T224939Z,2026-09-24T23:01:44Z,repeat_segs_srv,0,segments
s2,bulk-up,RG,5,s2-control-s2-bulk-up-rg-r5-20260924T224939Z,2026-09-24T23:02:23Z,goodput_mbit_s,229.383902069,Mbit/s
s2,bulk-up,RG,5,s2-control-s2-bulk-up-rg-r5-20260924T224939Z,2026-09-24T23:02:23Z,tcp_retransmits,14,segments
s2,bulk-up,RG,5,s2-control-s2-bulk-up-rg-r5-20260924T224939Z,2026-09-24T23:02:23Z,cpu_s_per_gb_cli,14.8900175986,s/GB
s2,bulk-up,RG,5,s2-control-s2-bulk-up-rg-r5-20260924T224939Z,2026-09-24T23:02:23Z,cpu_s_per_gb_srv,19.0299991272,s/GB
s2,bulk-up,RG,5,s2-control-s2-bulk-up-rg-r5-20260924T224939Z,2026-09-24T23:02:23Z,cpu_s_per_gb_total,33.9200167258,s/GB
s2,bulk-up,RG,5,s2-control-s2-bulk-up-rg-r5-20260924T224939Z,2026-09-24T23:02:23Z,rss_kb_cli,5896,kB
s2,bulk-up,RG,5,s2-control-s2-bulk-up-rg-r5-20260924T224939Z,2026-09-24T23:02:23Z,rss_kb_srv,28640,kB
s2,bulk-up,RG,5,s2-control-s2-bulk-up-rg-r5-20260924T224939Z,2026-09-24T23:02:23Z,hwm_kb_cli,5904,kB
s2,bulk-up,RG,5,s2-control-s2-bulk-up-rg-r5-20260924T224939Z,2026-09-24T23:02:23Z,hwm_kb_srv,28640,kB
s2,bulk-up,RG,5,s2-control-s2-bulk-up-rg-r5-20260924T224939Z,2026-09-24T23:02:23Z,out_segs_cli,531608,segments
s2,bulk-up,RG,5,s2-control-s2-bulk-up-rg-r5-20260924T224939Z,2026-09-24T23:02:23Z,out_segs_srv,11511,segments
s2,bulk-up,RG,5,s2-control-s2-bulk-up-rg-r5-20260924T224939Z,2026-09-24T23:02:23Z,retrans_pct_cli,0,% of OutSegs
s2,bulk-up,RG,5,s2-control-s2-bulk-up-rg-r5-20260924T224939Z,2026-09-24T23:02:23Z,retrans_pct_srv,0,% of OutSegs
s2,bulk-up,RG,5,s2-control-s2-bulk-up-rg-r5-20260924T224939Z,2026-09-24T23:02:23Z,retrans_segs_cli,0,segments
s2,bulk-up,RG,5,s2-control-s2-bulk-up-rg-r5-20260924T224939Z,2026-09-24T23:02:23Z,retrans_segs_srv,0,segments
s2,bulk-up,RG,5,s2-control-s2-bulk-up-rg-r5-20260924T224939Z,2026-09-24T23:02:23Z,fast_retrans_segs_cli,0,segments
s2,bulk-up,RG,5,s2-control-s2-bulk-up-rg-r5-20260924T224939Z,2026-09-24T23:02:23Z,fast_retrans_segs_srv,0,segments
s2,bulk-up,RG,5,s2-control-s2-bulk-up-rg-r5-20260924T224939Z,2026-09-24T23:02:23Z,early_retrans_segs_cli,0,segments
s2,bulk-up,RG,5,s2-control-s2-bulk-up-rg-r5-20260924T224939Z,2026-09-24T23:02:23Z,early_retrans_segs_srv,0,segments
s2,bulk-up,RG,5,s2-control-s2-bulk-up-rg-r5-20260924T224939Z,2026-09-24T23:02:23Z,lost_segs_cli,0,segments
s2,bulk-up,RG,5,s2-control-s2-bulk-up-rg-r5-20260924T224939Z,2026-09-24T23:02:23Z,lost_segs_srv,0,segments
s2,bulk-up,RG,5,s2-control-s2-bulk-up-rg-r5-20260924T224939Z,2026-09-24T23:02:23Z,repeat_segs_cli,0,segments
s2,bulk-up,RG,5,s2-control-s2-bulk-up-rg-r5-20260924T224939Z,2026-09-24T23:02:23Z,repeat_segs_srv,0,segments
